{
  "name": "ngmap",
  "version": "1.13.4",
  "main": "./build/scripts/ng-map.js",
  "homepage": "https://github.com/allenhwkim/angularjs-google-maps",
  "authors": [
    "Allen Kim <allenhwkim@gmail.com>"
  ],
  "description": "The Simplest AngularJs Google Maps V3 Directive Module",
  "keywords": [
    "angularjs",
    "angularjs-directive",
    "google-maps"
  ],
  "license": "MIT",
  "_release": "1.13.4",
  "_resolution": {
    "type": "version",
    "tag": "v1.13.4",
    "commit": "1659bdc3c553936ae11106dfe9d7024ad9a411be"
  },
  "_source": "git://github.com/allenhwkim/angularjs-google-maps.git",
  "_target": "~1.13.4",
  "_originalSource": "ngmap",
  "_direct": true
}