{
  "name": "angular-credit-cards",
  "homepage": "https://github.com/bendrucker/angular-credit-cards",
  "authors": [
    "Ben Drucker <bvdrucker@gmail.com>"
  ],
  "description": "Angular directives for formatting and validating credit card inputs",
  "main": "./release/angular-credit-cards.js",
  "moduleType": [
    "node"
  ],
  "keywords": [
    "angular",
    "credit",
    "card",
    "payments",
    "validation",
    "directive",
    "form"
  ],
  "license": "MIT",
  "ignore": [
    "**/.*",
    "node_modules",
    "bower_components",
    "components",
    "test",
    "tests"
  ],
  "dependencies": {
    "angular": ">=1.3 <1.5"
  },
  "devDependencies": {
    "angular-mocks": ">=1.3 <1.5"
  },
  "version": "2.3.5",
  "_release": "2.3.5",
  "_resolution": {
    "type": "version",
    "tag": "v2.3.5",
    "commit": "43e5d1b0543717ef96522b8fe46db876029ed2c4"
  },
  "_source": "git://github.com/bendrucker/angular-credit-cards.git",
  "_target": "~2.3.5",
  "_originalSource": "angular-credit-cards",
  "_direct": true
}