{
  "name": "angular-payments",
  "homepage": "https://github.com/laurihy/angular-payments",
  "authors": [
    "Lauri Hynynen <@laurihy>"
  ],
  "main": "lib/angular-payments.js",
  "description": "Directive for formatting and validating credit card forms",
  "keywords": [
    "stripe",
    "stripe.js",
    "stripejs",
    "stripe-angular",
    "stripeAngular",
    "angular-payments",
    "angularPayments"
  ],
  "license": "MIT",
  "ignore": [
    "**/.*",
    "node_modules",
    "bower_components",
    "test",
    "tests"
  ],
  "_release": "2472bc9bef",
  "_resolution": {
    "type": "commit",
    "commit": "2472bc9befa25678"
  },
  "_source": "git://github.com/laurihy/angular-payments.git",
  "_target": "2472bc9befa25678",
  "_originalSource": "angular-payments",
  "_direct": true
}